ProductID,Name,MakeFlag,FinishedGoodsFlag,Color,StandardCost,ListPrice,Size,Weight,DaysToManufacture,ProductLine,Class,Style,ProductSubcategoryID,ProductModelID,ModifiedDate,SubCategory,Category
907,Rear Brakes,0,1,Silver,47.286,106.5,NULL,317.00,1,NULL,NULL,NULL,6,128,2014-02-08 10:01:36.827000 UTC,Brakes,Components
948,Front Brakes,0,1,Silver,47.286,106.5,NULL,317.00,1,NULL,NULL,NULL,6,102,2014-02-08 10:01:36.827000 UTC,Brakes,Components
952,Chain,0,1,Silver,8.9866,20.24,NULL,NULL,1,NULL,NULL,NULL,7,98,2014-02-08 10:01:36.827000 UTC,Chains,Components
935,LL Mountain Pedal,0,1,Silver/Black,17.9776,40.49,NULL,218.00,1,M ,L ,NULL,13,62,2014-02-08 10:01:36.827000 UTC,Pedals,Components
936,ML Mountain Pedal,0,1,Silver/Black,27.568,62.09,NULL,215.00,1,M ,M ,NULL,13,63,2014-02-08 10:01:36.827000 UTC,Pedals,Components
937,HL Mountain Pedal,0,1,Silver/Black,35.9596,80.99,NULL,185.00,1,M ,H ,NULL,13,64,2014-02-08 10:01:36.827000 UTC,Pedals,Components
938,LL Road Pedal,0,1,Silver/Black,17.9776,40.49,NULL,189.00,1,R ,L ,NULL,13,68,2014-02-08 10:01:36.827000 UTC,Pedals,Components
939,ML Road Pedal,0,1,Silver/Black,27.568,62.09,NULL,168.00,1,R ,M ,NULL,13,69,2014-02-08 10:01:36.827000 UTC,Pedals,Components
940,HL Road Pedal,0,1,Silver/Black,35.9596,80.99,NULL,149.00,1,R ,H ,NULL,13,70,2014-02-08 10:03:55.510000 UTC,Pedals,Components
941,Touring Pedal,0,1,Silver/Black,35.9596,80.99,NULL,NULL,1,T ,NULL,NULL,13,53,2014-02-08 10:01:36.827000 UTC,Pedals,Components
908,LL Mountain Seat/Saddle,0,1,NULL,12.0413,27.12,NULL,NULL,1,M ,L ,NULL,15,79,2014-02-08 10:01:36.827000 UTC,Saddles,Components
909,ML Mountain Seat/Saddle,0,1,NULL,17.3782,39.14,NULL,NULL,1,M ,M ,NULL,15,80,2014-02-08 10:01:36.827000 UTC,Saddles,Components
910,HL Mountain Seat/Saddle,0,1,NULL,23.3722,52.64,NULL,NULL,1,M ,H ,NULL,15,81,2014-02-08 10:01:36.827000 UTC,Saddles,Components
911,LL Road Seat/Saddle,0,1,NULL,12.0413,27.12,NULL,NULL,1,R ,L ,NULL,15,82,2014-02-08 10:01:36.827000 UTC,Saddles,Components
912,ML Road Seat/Saddle,0,1,NULL,17.3782,39.14,NULL,NULL,1,T ,M ,NULL,15,83,2014-02-08 10:01:36.827000 UTC,Saddles,Components
913,HL Road Seat/Saddle,0,1,NULL,23.3722,52.64,NULL,NULL,1,R ,H ,NULL,15,84,2014-02-08 10:01:36.827000 UTC,Saddles,Components
914,LL Touring Seat/Saddle,0,1,NULL,12.0413,27.12,NULL,NULL,1,T ,L ,NULL,15,66,2014-02-08 10:01:36.827000 UTC,Saddles,Components
915,ML Touring Seat/Saddle,0,1,NULL,17.3782,39.14,NULL,NULL,1,T ,M ,NULL,15,65,2014-02-08 10:01:36.827000 UTC,Saddles,Components
916,HL Touring Seat/Saddle,0,1,NULL,23.3722,52.64,NULL,NULL,1,T ,H ,NULL,15,67,2014-02-08 10:01:36.827000 UTC,Saddles,Components
855,"Men's Bib-Shorts, S",0,1,Multi,37.1209,89.99,S,NULL,0,S ,NULL,M ,18,12,2014-02-08 10:01:36.827000 UTC,Bib-Shorts,Clothing
856,"Men's Bib-Shorts, M",0,1,Multi,37.1209,89.99,M,NULL,0,S ,NULL,M ,18,12,2014-02-08 10:01:36.827000 UTC,Bib-Shorts,Clothing
857,"Men's Bib-Shorts, L",0,1,Multi,37.1209,89.99,L,NULL,0,S ,NULL,M ,18,12,2014-02-08 10:01:36.827000 UTC,Bib-Shorts,Clothing
712,AWC Logo Cap,0,1,Multi,6.9223,8.99,NULL,NULL,0,S ,NULL,U ,19,2,2014-02-08 10:01:36.827000 UTC,Caps,Clothing
858,"Half-Finger Gloves, S",0,1,Black,9.1593,24.49,S,NULL,0,S ,NULL,U ,20,4,2014-02-08 10:01:36.827000 UTC,Gloves,Clothing
859,"Half-Finger Gloves, M",0,1,Black,9.1593,24.49,M,NULL,0,S ,NULL,U ,20,4,2014-02-08 10:01:36.827000 UTC,Gloves,Clothing
860,"Half-Finger Gloves, L",0,1,Black,9.1593,24.49,L,NULL,0,S ,NULL,U ,20,4,2014-02-08 10:01:36.827000 UTC,Gloves,Clothing
861,"Full-Finger Gloves, S",0,1,Black,15.6709,37.99,S,NULL,0,M ,NULL,U ,20,3,2014-02-08 10:01:36.827000 UTC,Gloves,Clothing
862,"Full-Finger Gloves, M",0,1,Black,15.6709,37.99,M,NULL,0,M ,NULL,U ,20,3,2014-02-08 10:01:36.827000 UTC,Gloves,Clothing
863,"Full-Finger Gloves, L",0,1,Black,15.6709,37.99,L,NULL,0,M ,NULL,U ,20,3,2014-02-08 10:01:36.827000 UTC,Gloves,Clothing
713,"Long-Sleeve Logo Jersey, S",0,1,Multi,38.4923,49.99,S,NULL,0,S ,NULL,U ,21,11,2014-02-08 10:01:36.827000 UTC,Jerseys,Clothing
714,"Long-Sleeve Logo Jersey, M",0,1,Multi,38.4923,49.99,M,NULL,0,S ,NULL,U ,21,11,2014-02-08 10:01:36.827000 UTC,Jerseys,Clothing
715,"Long-Sleeve Logo Jersey, L",0,1,Multi,38.4923,49.99,L,NULL,0,S ,NULL,U ,21,11,2014-02-08 10:01:36.827000 UTC,Jerseys,Clothing
716,"Long-Sleeve Logo Jersey, XL",0,1,Multi,38.4923,49.99,XL,NULL,0,S ,NULL,U ,21,11,2014-02-08 10:01:36.827000 UTC,Jerseys,Clothing
881,"Short-Sleeve Classic Jersey, S",0,1,Yellow,41.5723,53.99,S,NULL,0,S ,NULL,U ,21,32,2014-02-08 10:01:36.827000 UTC,Jerseys,Clothing
882,"Short-Sleeve Classic Jersey, M",0,1,Yellow,41.5723,53.99,M,NULL,0,S ,NULL,U ,21,32,2014-02-08 10:01:36.827000 UTC,Jerseys,Clothing
883,"Short-Sleeve Classic Jersey, L",0,1,Yellow,41.5723,53.99,L,NULL,0,S ,NULL,U ,21,32,2014-02-08 10:01:36.827000 UTC,Jerseys,Clothing
884,"Short-Sleeve Classic Jersey, XL",0,1,Yellow,41.5723,53.99,XL,NULL,0,S ,NULL,U ,21,32,2014-02-08 10:01:36.827000 UTC,Jerseys,Clothing
841,"Men's Sports Shorts, S",0,1,Black,24.7459,59.99,S,NULL,0,S ,NULL,M ,22,13,2014-02-08 10:01:36.827000 UTC,Shorts,Clothing
849,"Men's Sports Shorts, M",0,1,Black,24.7459,59.99,M,NULL,0,S ,NULL,M ,22,13,2014-02-08 10:01:36.827000 UTC,Shorts,Clothing
850,"Men's Sports Shorts, L",0,1,Black,24.7459,59.99,L,NULL,0,S ,NULL,M ,22,13,2014-02-08 10:01:36.827000 UTC,Shorts,Clothing
851,"Men's Sports Shorts, XL",0,1,Black,24.7459,59.99,XL,NULL,0,S ,NULL,M ,22,13,2014-02-08 10:01:36.827000 UTC,Shorts,Clothing
867,"Women's Mountain Shorts, S",0,1,Black,26.1763,69.99,S,NULL,0,M ,NULL,W ,22,37,2014-02-08 10:01:36.827000 UTC,Shorts,Clothing
868,"Women's Mountain Shorts, M",0,1,Black,26.1763,69.99,M,NULL,0,M ,NULL,W ,22,37,2014-02-08 10:01:36.827000 UTC,Shorts,Clothing
869,"Women's Mountain Shorts, L",0,1,Black,26.1763,69.99,L,NULL,0,M ,NULL,W ,22,37,2014-02-08 10:01:36.827000 UTC,Shorts,Clothing
709,"Mountain Bike Socks, M",0,1,White,3.3963,9.5,M,NULL,0,M ,NULL,U ,23,18,2014-02-08 10:01:36.827000 UTC,Socks,Clothing
710,"Mountain Bike Socks, L",0,1,White,3.3963,9.5,L,NULL,0,M ,NULL,U ,23,18,2014-02-08 10:01:36.827000 UTC,Socks,Clothing
874,"Racing Socks, M",0,1,White,3.3623,8.99,M,NULL,0,R ,NULL,U ,23,24,2014-02-08 10:01:36.827000 UTC,Socks,Clothing
875,"Racing Socks, L",0,1,White,3.3623,8.99,L,NULL,0,R ,NULL,U ,23,24,2014-02-08 10:01:36.827000 UTC,Socks,Clothing
852,"Women's Tights, S",0,1,Black,30.9334,74.99,S,NULL,0,S ,NULL,W ,24,38,2014-02-08 10:01:36.827000 UTC,Tights,Clothing
853,"Women's Tights, M",0,1,Black,30.9334,74.99,M,NULL,0,S ,NULL,W ,24,38,2014-02-08 10:01:36.827000 UTC,Tights,Clothing
854,"Women's Tights, L",0,1,Black,30.9334,74.99,L,NULL,0,S ,NULL,W ,24,38,2014-02-08 10:01:36.827000 UTC,Tights,Clothing
864,"Classic Vest, S",0,1,Blue,23.749,63.5,S,NULL,0,S ,NULL,U ,25,1,2014-02-08 10:01:36.827000 UTC,Vests,Clothing
865,"Classic Vest, M",0,1,Blue,23.749,63.5,M,NULL,0,S ,NULL,U ,25,1,2014-02-08 10:01:36.827000 UTC,Vests,Clothing
866,"Classic Vest, L",0,1,Blue,23.749,63.5,L,NULL,0,S ,NULL,U ,25,1,2014-02-08 10:01:36.827000 UTC,Vests,Clothing
876,Hitch Rack - 4-Bike,0,1,NULL,44.88,120.0,NULL,NULL,0,S ,NULL,NULL,26,118,2014-02-08 10:01:36.827000 UTC,Bike Racks,Accessories
879,All-Purpose Bike Stand,0,1,NULL,59.466,159.0,NULL,NULL,0,M ,NULL,NULL,27,122,2014-02-08 10:01:36.827000 UTC,Bike Stands,Accessories
870,Water Bottle - 30 oz.,0,1,NULL,1.8663,4.99,NULL,NULL,0,S ,NULL,NULL,28,111,2014-02-08 10:01:36.827000 UTC,Bottles and Cages,Accessories
871,Mountain Bottle Cage,0,1,NULL,3.7363,9.99,NULL,NULL,0,M ,NULL,NULL,28,112,2014-02-08 10:01:36.827000 UTC,Bottles and Cages,Accessories
872,Road Bottle Cage,0,1,NULL,3.3623,8.99,NULL,NULL,0,R ,NULL,NULL,28,113,2014-02-08 10:01:36.827000 UTC,Bottles and Cages,Accessories
877,Bike Wash - Dissolver,0,1,NULL,2.9733,7.95,NULL,NULL,0,S ,NULL,NULL,29,119,2014-02-08 10:01:36.827000 UTC,Cleaners,Accessories
878,Fender Set - Mountain,0,1,NULL,8.2205,21.98,NULL,NULL,0,M ,NULL,NULL,30,121,2014-02-08 10:01:36.827000 UTC,Fenders,Accessories
707,"Sport-100 Helmet, Red",0,1,Red,13.0863,34.99,NULL,NULL,0,S ,NULL,NULL,31,33,2014-02-08 10:01:36.827000 UTC,Helmets,Accessories
708,"Sport-100 Helmet, Black",0,1,Black,13.0863,34.99,NULL,NULL,0,S ,NULL,NULL,31,33,2014-02-08 10:01:36.827000 UTC,Helmets,Accessories
711,"Sport-100 Helmet, Blue",0,1,Blue,13.0863,34.99,NULL,NULL,0,S ,NULL,NULL,31,33,2014-02-08 10:01:36.827000 UTC,Helmets,Accessories
880,Hydration Pack - 70 oz.,0,1,Silver,20.5663,54.99,70,NULL,0,S ,NULL,NULL,32,107,2014-02-08 10:01:36.827000 UTC,Hydration Packs,Accessories
846,Taillights - Battery-Powered,0,1,NULL,5.7709,13.99,NULL,NULL,0,R ,NULL,NULL,33,108,2014-02-08 10:01:36.827000 UTC,Lights,Accessories
847,Headlights - Dual-Beam,0,1,NULL,14.4334,34.99,NULL,NULL,0,R ,NULL,NULL,33,109,2014-02-08 10:01:36.827000 UTC,Lights,Accessories
848,Headlights - Weatherproof,0,1,NULL,18.5584,44.99,NULL,NULL,0,R ,NULL,NULL,33,110,2014-02-08 10:01:36.827000 UTC,Lights,Accessories
843,Cable Lock,0,1,NULL,10.3125,25.0,NULL,NULL,0,S ,NULL,NULL,34,115,2014-02-08 10:01:36.827000 UTC,Locks,Accessories
842,"Touring-Panniers, Large",0,1,Grey,51.5625,125.0,NULL,NULL,0,T ,NULL,NULL,35,120,2014-02-08 10:01:36.827000 UTC,Panniers,Accessories
844,Minipump,0,1,NULL,8.2459,19.99,NULL,NULL,0,S ,NULL,NULL,36,116,2014-02-08 10:01:36.827000 UTC,Pumps,Accessories
845,Mountain Pump,0,1,NULL,10.3084,24.99,NULL,NULL,0,M ,NULL,NULL,36,117,2014-02-08 10:01:36.827000 UTC,Pumps,Accessories
873,Patch Kit/8 Patches,0,1,NULL,0.8565,2.29,NULL,NULL,0,S ,NULL,NULL,37,114,2014-02-08 10:01:36.827000 UTC,Tires and Tubes,Accessories
921,Mountain Tire Tube,0,1,NULL,1.8663,4.99,NULL,NULL,0,M ,NULL,NULL,37,92,2014-02-08 10:01:36.827000 UTC,Tires and Tubes,Accessories
922,Road Tire Tube,0,1,NULL,1.4923,3.99,NULL,NULL,0,R ,NULL,NULL,37,93,2014-02-08 10:01:36.827000 UTC,Tires and Tubes,Accessories
923,Touring Tire Tube,0,1,NULL,1.8663,4.99,NULL,NULL,0,T ,NULL,NULL,37,94,2014-02-08 10:01:36.827000 UTC,Tires and Tubes,Accessories
928,LL Mountain Tire,0,1,NULL,9.3463,24.99,NULL,NULL,0,M ,L ,NULL,37,85,2014-02-08 10:01:36.827000 UTC,Tires and Tubes,Accessories
929,ML Mountain Tire,0,1,NULL,11.2163,29.99,NULL,NULL,0,M ,M ,NULL,37,86,2014-02-08 10:01:36.827000 UTC,Tires and Tubes,Accessories
930,HL Mountain Tire,0,1,NULL,13.09,35.0,NULL,NULL,0,M ,H ,NULL,37,87,2014-02-08 10:01:36.827000 UTC,Tires and Tubes,Accessories
931,LL Road Tire,0,1,NULL,8.0373,21.49,NULL,NULL,0,R ,L ,NULL,37,88,2014-02-08 10:01:36.827000 UTC,Tires and Tubes,Accessories
932,ML Road Tire,0,1,NULL,9.3463,24.99,NULL,NULL,0,R ,M ,NULL,37,89,2014-02-08 10:01:36.827000 UTC,Tires and Tubes,Accessories
933,HL Road Tire,0,1,NULL,12.1924,32.6,NULL,NULL,0,R ,H ,NULL,37,90,2014-02-08 10:01:36.827000 UTC,Tires and Tubes,Accessories
934,Touring Tire,0,1,NULL,10.8423,28.99,NULL,NULL,0,T ,NULL,NULL,37,91,2014-02-08 10:01:36.827000 UTC,Tires and Tubes,Accessories
771,"Mountain-100 Silver, 38",1,1,Silver,1912.1544,3399.99,38,20.35,4,M ,H ,U ,1,19,2014-02-08 10:01:36.827000 UTC,Mountain Bikes,Bikes
772,"Mountain-100 Silver, 42",1,1,Silver,1912.1544,3399.99,42,20.77,4,M ,H ,U ,1,19,2014-02-08 10:01:36.827000 UTC,Mountain Bikes,Bikes
773,"Mountain-100 Silver, 44",1,1,Silver,1912.1544,3399.99,44,21.13,4,M ,H ,U ,1,19,2014-02-08 10:01:36.827000 UTC,Mountain Bikes,Bikes
774,"Mountain-100 Silver, 48",1,1,Silver,1912.1544,3399.99,48,21.42,4,M ,H ,U ,1,19,2014-02-08 10:01:36.827000 UTC,Mountain Bikes,Bikes
775,"Mountain-100 Black, 38",1,1,Black,1898.0944,3374.99,38,20.35,4,M ,H ,U ,1,19,2014-02-08 10:01:36.827000 UTC,Mountain Bikes,Bikes
776,"Mountain-100 Black, 42",1,1,Black,1898.0944,3374.99,42,20.77,4,M ,H ,U ,1,19,2014-02-08 10:01:36.827000 UTC,Mountain Bikes,Bikes
777,"Mountain-100 Black, 44",1,1,Black,1898.0944,3374.99,44,21.13,4,M ,H ,U ,1,19,2014-02-08 10:01:36.827000 UTC,Mountain Bikes,Bikes
778,"Mountain-100 Black, 48",1,1,Black,1898.0944,3374.99,48,21.42,4,M ,H ,U ,1,19,2014-02-08 10:01:36.827000 UTC,Mountain Bikes,Bikes
779,"Mountain-200 Silver, 38",1,1,Silver,1265.6195,2319.99,38,23.35,4,M ,H ,U ,1,20,2014-02-08 10:01:36.827000 UTC,Mountain Bikes,Bikes
780,"Mountain-200 Silver, 42",1,1,Silver,1265.6195,2319.99,42,23.77,4,M ,H ,U ,1,20,2014-02-08 10:01:36.827000 UTC,Mountain Bikes,Bikes
781,"Mountain-200 Silver, 46",1,1,Silver,1265.6195,2319.99,46,24.13,4,M ,H ,U ,1,20,2014-02-08 10:01:36.827000 UTC,Mountain Bikes,Bikes
782,"Mountain-200 Black, 38",1,1,Black,1251.9813,2294.99,38,23.35,4,M ,H ,U ,1,20,2014-02-08 10:01:36.827000 UTC,Mountain Bikes,Bikes
783,"Mountain-200 Black, 42",1,1,Black,1251.9813,2294.99,42,23.77,4,M ,H ,U ,1,20,2014-02-08 10:01:36.827000 UTC,Mountain Bikes,Bikes
784,"Mountain-200 Black, 46",1,1,Black,1251.9813,2294.99,46,24.13,4,M ,H ,U ,1,20,2014-02-08 10:01:36.827000 UTC,Mountain Bikes,Bikes
785,"Mountain-300 Black, 38",1,1,Black,598.4354,1079.99,38,25.35,4,M ,M ,U ,1,21,2014-02-08 10:01:36.827000 UTC,Mountain Bikes,Bikes
786,"Mountain-300 Black, 40",1,1,Black,598.4354,1079.99,40,25.77,4,M ,M ,U ,1,21,2014-02-08 10:01:36.827000 UTC,Mountain Bikes,Bikes
787,"Mountain-300 Black, 44",1,1,Black,598.4354,1079.99,44,26.13,4,M ,M ,U ,1,21,2014-02-08 10:01:36.827000 UTC,Mountain Bikes,Bikes
788,"Mountain-300 Black, 48",1,1,Black,598.4354,1079.99,48,26.42,4,M ,M ,U ,1,21,2014-02-08 10:01:36.827000 UTC,Mountain Bikes,Bikes
980,"Mountain-400-W Silver, 38",1,1,Silver,419.7784,769.49,38,26.35,4,M ,M ,W ,1,22,2014-02-08 10:01:36.827000 UTC,Mountain Bikes,Bikes
981,"Mountain-400-W Silver, 40",1,1,Silver,419.7784,769.49,40,26.77,4,M ,M ,W ,1,22,2014-02-08 10:01:36.827000 UTC,Mountain Bikes,Bikes
982,"Mountain-400-W Silver, 42",1,1,Silver,419.7784,769.49,42,27.13,4,M ,M ,W ,1,22,2014-02-08 10:01:36.827000 UTC,Mountain Bikes,Bikes
983,"Mountain-400-W Silver, 46",1,1,Silver,419.7784,769.49,46,27.42,4,M ,M ,W ,1,22,2014-02-08 10:01:36.827000 UTC,Mountain Bikes,Bikes
984,"Mountain-500 Silver, 40",1,1,Silver,308.2179,564.99,40,27.35,4,M ,L ,U ,1,23,2014-02-08 10:01:36.827000 UTC,Mountain Bikes,Bikes
985,"Mountain-500 Silver, 42",1,1,Silver,308.2179,564.99,42,27.77,4,M ,L ,U ,1,23,2014-02-08 10:01:36.827000 UTC,Mountain Bikes,Bikes
986,"Mountain-500 Silver, 44",1,1,Silver,308.2179,564.99,44,28.13,4,M ,L ,U ,1,23,2014-02-08 10:01:36.827000 UTC,Mountain Bikes,Bikes
987,"Mountain-500 Silver, 48",1,1,Silver,308.2179,564.99,48,28.42,4,M ,L ,U ,1,23,2014-02-08 10:01:36.827000 UTC,Mountain Bikes,Bikes
988,"Mountain-500 Silver, 52",1,1,Silver,308.2179,564.99,52,28.68,4,M ,L ,U ,1,23,2014-02-08 10:01:36.827000 UTC,Mountain Bikes,Bikes
989,"Mountain-500 Black, 40",1,1,Black,294.5797,539.99,40,27.35,4,M ,L ,U ,1,23,2014-02-08 10:01:36.827000 UTC,Mountain Bikes,Bikes
990,"Mountain-500 Black, 42",1,1,Black,294.5797,539.99,42,27.77,4,M ,L ,U ,1,23,2014-02-08 10:01:36.827000 UTC,Mountain Bikes,Bikes
991,"Mountain-500 Black, 44",1,1,Black,294.5797,539.99,44,28.13,4,M ,L ,U ,1,23,2014-02-08 10:01:36.827000 UTC,Mountain Bikes,Bikes
992,"Mountain-500 Black, 48",1,1,Black,294.5797,539.99,48,28.42,4,M ,L ,U ,1,23,2014-02-08 10:01:36.827000 UTC,Mountain Bikes,Bikes
993,"Mountain-500 Black, 52",1,1,Black,294.5797,539.99,52,28.68,4,M ,L ,U ,1,23,2014-02-08 10:01:36.827000 UTC,Mountain Bikes,Bikes
749,"Road-150 Red, 62",1,1,Red,2171.2942,3578.27,62,15.00,4,R ,H ,U ,2,25,2014-02-08 10:01:36.827000 UTC,Road Bikes,Bikes
750,"Road-150 Red, 44",1,1,Red,2171.2942,3578.27,44,13.77,4,R ,H ,U ,2,25,2014-02-08 10:01:36.827000 UTC,Road Bikes,Bikes
751,"Road-150 Red, 48",1,1,Red,2171.2942,3578.27,48,14.13,4,R ,H ,U ,2,25,2014-02-08 10:01:36.827000 UTC,Road Bikes,Bikes
752,"Road-150 Red, 52",1,1,Red,2171.2942,3578.27,52,14.42,4,R ,H ,U ,2,25,2014-02-08 10:01:36.827000 UTC,Road Bikes,Bikes
753,"Road-150 Red, 56",1,1,Red,2171.2942,3578.27,56,14.68,4,R ,H ,U ,2,25,2014-02-08 10:01:36.827000 UTC,Road Bikes,Bikes
754,"Road-450 Red, 58",1,1,Red,884.7083,1457.99,58,17.79,4,R ,M ,U ,2,28,2014-02-08 10:01:36.827000 UTC,Road Bikes,Bikes
755,"Road-450 Red, 60",1,1,Red,884.7083,1457.99,60,17.90,4,R ,M ,U ,2,28,2014-02-08 10:01:36.827000 UTC,Road Bikes,Bikes
756,"Road-450 Red, 44",1,1,Red,884.7083,1457.99,44,16.77,4,R ,M ,U ,2,28,2014-02-08 10:01:36.827000 UTC,Road Bikes,Bikes
757,"Road-450 Red, 48",1,1,Red,884.7083,1457.99,48,17.13,4,R ,M ,U ,2,28,2014-02-08 10:01:36.827000 UTC,Road Bikes,Bikes
758,"Road-450 Red, 52",1,1,Red,884.7083,1457.99,52,17.42,4,R ,M ,U ,2,28,2014-02-08 10:01:36.827000 UTC,Road Bikes,Bikes
759,"Road-650 Red, 58",1,1,Red,486.7066,782.99,58,19.79,4,R ,L ,U ,2,30,2014-02-08 10:01:36.827000 UTC,Road Bikes,Bikes
760,"Road-650 Red, 60",1,1,Red,486.7066,782.99,60,19.90,4,R ,L ,U ,2,30,2014-02-08 10:01:36.827000 UTC,Road Bikes,Bikes
761,"Road-650 Red, 62",1,1,Red,486.7066,782.99,62,20.00,4,R ,L ,U ,2,30,2014-02-08 10:01:36.827000 UTC,Road Bikes,Bikes
762,"Road-650 Red, 44",1,1,Red,486.7066,782.99,44,18.77,4,R ,L ,U ,2,30,2014-02-08 10:01:36.827000 UTC,Road Bikes,Bikes
763,"Road-650 Red, 48",1,1,Red,486.7066,782.99,48,19.13,4,R ,L ,U ,2,30,2014-02-08 10:01:36.827000 UTC,Road Bikes,Bikes
764,"Road-650 Red, 52",1,1,Red,486.7066,782.99,52,19.42,4,R ,L ,U ,2,30,2014-02-08 10:01:36.827000 UTC,Road Bikes,Bikes
765,"Road-650 Black, 58",1,1,Black,486.7066,782.99,58,19.79,4,R ,L ,U ,2,30,2014-02-08 10:01:36.827000 UTC,Road Bikes,Bikes
766,"Road-650 Black, 60",1,1,Black,486.7066,782.99,60,19.90,4,R ,L ,U ,2,30,2014-02-08 10:01:36.827000 UTC,Road Bikes,Bikes
767,"Road-650 Black, 62",1,1,Black,486.7066,782.99,62,20.00,4,R ,L ,U ,2,30,2014-02-08 10:01:36.827000 UTC,Road Bikes,Bikes
768,"Road-650 Black, 44",1,1,Black,486.7066,782.99,44,18.77,4,R ,L ,U ,2,30,2014-02-08 10:01:36.827000 UTC,Road Bikes,Bikes
769,"Road-650 Black, 48",1,1,Black,486.7066,782.99,48,19.13,4,R ,L ,U ,2,30,2014-02-08 10:01:36.827000 UTC,Road Bikes,Bikes
770,"Road-650 Black, 52",1,1,Black,486.7066,782.99,52,19.42,4,R ,L ,U ,2,30,2014-02-08 10:01:36.827000 UTC,Road Bikes,Bikes
789,"Road-250 Red, 44",1,1,Red,1518.7864,2443.35,44,14.77,4,R ,H ,U ,2,26,2014-02-08 10:01:36.827000 UTC,Road Bikes,Bikes
790,"Road-250 Red, 48",1,1,Red,1518.7864,2443.35,48,15.13,4,R ,H ,U ,2,26,2014-02-08 10:01:36.827000 UTC,Road Bikes,Bikes
791,"Road-250 Red, 52",1,1,Red,1518.7864,2443.35,52,15.42,4,R ,H ,U ,2,26,2014-02-08 10:01:36.827000 UTC,Road Bikes,Bikes
792,"Road-250 Red, 58",1,1,Red,1554.9479,2443.35,58,15.79,4,R ,H ,U ,2,26,2014-02-08 10:01:36.827000 UTC,Road Bikes,Bikes
793,"Road-250 Black, 44",1,1,Black,1554.9479,2443.35,44,14.77,4,R ,H ,U ,2,26,2014-02-08 10:01:36.827000 UTC,Road Bikes,Bikes
794,"Road-250 Black, 48",1,1,Black,1554.9479,2443.35,48,15.13,4,R ,H ,U ,2,26,2014-02-08 10:01:36.827000 UTC,Road Bikes,Bikes
795,"Road-250 Black, 52",1,1,Black,1554.9479,2443.35,52,15.42,4,R ,H ,U ,2,26,2014-02-08 10:01:36.827000 UTC,Road Bikes,Bikes
796,"Road-250 Black, 58",1,1,Black,1554.9479,2443.35,58,15.68,4,R ,H ,U ,2,26,2014-02-08 10:01:36.827000 UTC,Road Bikes,Bikes
797,"Road-550-W Yellow, 38",1,1,Yellow,713.0798,1120.49,38,17.35,4,R ,M ,W ,2,29,2014-02-08 10:01:36.827000 UTC,Road Bikes,Bikes
798,"Road-550-W Yellow, 40",1,1,Yellow,713.0798,1120.49,40,17.77,4,R ,M ,W ,2,29,2014-02-08 10:01:36.827000 UTC,Road Bikes,Bikes
799,"Road-550-W Yellow, 42",1,1,Yellow,713.0798,1120.49,42,18.13,4,R ,M ,W ,2,29,2014-02-08 10:01:36.827000 UTC,Road Bikes,Bikes
800,"Road-550-W Yellow, 44",1,1,Yellow,713.0798,1120.49,44,18.42,4,R ,M ,W ,2,29,2014-02-08 10:01:36.827000 UTC,Road Bikes,Bikes
801,"Road-550-W Yellow, 48",1,1,Yellow,713.0798,1120.49,48,18.68,4,R ,M ,W ,2,29,2014-02-08 10:01:36.827000 UTC,Road Bikes,Bikes
973,"Road-350-W Yellow, 40",1,1,Yellow,1082.51,1700.99,40,15.35,4,R ,M ,W ,2,27,2014-02-08 10:01:36.827000 UTC,Road Bikes,Bikes
974,"Road-350-W Yellow, 42",1,1,Yellow,1082.51,1700.99,42,15.77,4,R ,M ,W ,2,27,2014-02-08 10:01:36.827000 UTC,Road Bikes,Bikes
975,"Road-350-W Yellow, 44",1,1,Yellow,1082.51,1700.99,44,16.13,4,R ,M ,W ,2,27,2014-02-08 10:01:36.827000 UTC,Road Bikes,Bikes
976,"Road-350-W Yellow, 48",1,1,Yellow,1082.51,1700.99,48,16.42,4,R ,M ,W ,2,27,2014-02-08 10:01:36.827000 UTC,Road Bikes,Bikes
977,"Road-750 Black, 58",1,1,Black,343.6496,539.99,58,20.79,4,R ,L ,U ,2,31,2014-02-08 10:01:36.827000 UTC,Road Bikes,Bikes
997,"Road-750 Black, 44",1,1,Black,343.6496,539.99,44,19.77,4,R ,L ,U ,2,31,2014-02-08 10:01:36.827000 UTC,Road Bikes,Bikes
998,"Road-750 Black, 48",1,1,Black,343.6496,539.99,48,20.13,4,R ,L ,U ,2,31,2014-02-08 10:01:36.827000 UTC,Road Bikes,Bikes
999,"Road-750 Black, 52",1,1,Black,343.6496,539.99,52,20.42,4,R ,L ,U ,2,31,2014-02-08 10:01:36.827000 UTC,Road Bikes,Bikes
953,"Touring-2000 Blue, 60",1,1,Blue,755.1508,1214.85,60,27.90,4,T ,M ,U ,3,35,2014-02-08 10:01:36.827000 UTC,Touring Bikes,Bikes
954,"Touring-1000 Yellow, 46",1,1,Yellow,1481.9379,2384.07,46,25.13,4,T ,H ,U ,3,34,2014-02-08 10:01:36.827000 UTC,Touring Bikes,Bikes
955,"Touring-1000 Yellow, 50",1,1,Yellow,1481.9379,2384.07,50,25.42,4,T ,H ,U ,3,34,2014-02-08 10:01:36.827000 UTC,Touring Bikes,Bikes
956,"Touring-1000 Yellow, 54",1,1,Yellow,1481.9379,2384.07,54,25.68,4,T ,H ,U ,3,34,2014-02-08 10:01:36.827000 UTC,Touring Bikes,Bikes
957,"Touring-1000 Yellow, 60",1,1,Yellow,1481.9379,2384.07,60,25.90,4,T ,H ,U ,3,34,2014-02-08 10:01:36.827000 UTC,Touring Bikes,Bikes
958,"Touring-3000 Blue, 54",1,1,Blue,461.4448,742.35,54,29.68,4,T ,L ,U ,3,36,2014-02-08 10:01:36.827000 UTC,Touring Bikes,Bikes
959,"Touring-3000 Blue, 58",1,1,Blue,461.4448,742.35,58,29.90,4,T ,L ,U ,3,36,2014-02-08 10:01:36.827000 UTC,Touring Bikes,Bikes
960,"Touring-3000 Blue, 62",1,1,Blue,461.4448,742.35,62,30.00,4,T ,L ,U ,3,36,2014-02-08 10:01:36.827000 UTC,Touring Bikes,Bikes
961,"Touring-3000 Yellow, 44",1,1,Yellow,461.4448,742.35,44,28.77,4,T ,L ,U ,3,36,2014-02-08 10:01:36.827000 UTC,Touring Bikes,Bikes
962,"Touring-3000 Yellow, 50",1,1,Yellow,461.4448,742.35,50,29.13,4,T ,L ,U ,3,36,2014-02-08 10:01:36.827000 UTC,Touring Bikes,Bikes
963,"Touring-3000 Yellow, 54",1,1,Yellow,461.4448,742.35,54,29.42,4,T ,L ,U ,3,36,2014-02-08 10:01:36.827000 UTC,Touring Bikes,Bikes
964,"Touring-3000 Yellow, 58",1,1,Yellow,461.4448,742.35,58,29.79,4,T ,L ,U ,3,36,2014-02-08 10:01:36.827000 UTC,Touring Bikes,Bikes
965,"Touring-3000 Yellow, 62",1,1,Yellow,461.4448,742.35,62,30.00,4,T ,L ,U ,3,36,2014-02-08 10:01:36.827000 UTC,Touring Bikes,Bikes
966,"Touring-1000 Blue, 46",1,1,Blue,1481.9379,2384.07,46,25.13,4,T ,H ,U ,3,34,2014-02-08 10:01:36.827000 UTC,Touring Bikes,Bikes
967,"Touring-1000 Blue, 50",1,1,Blue,1481.9379,2384.07,50,25.42,4,T ,H ,U ,3,34,2014-02-08 10:01:36.827000 UTC,Touring Bikes,Bikes
968,"Touring-1000 Blue, 54",1,1,Blue,1481.9379,2384.07,54,25.68,4,T ,H ,U ,3,34,2014-02-08 10:01:36.827000 UTC,Touring Bikes,Bikes
969,"Touring-1000 Blue, 60",1,1,Blue,1481.9379,2384.07,60,25.90,4,T ,H ,U ,3,34,2014-02-08 10:01:36.827000 UTC,Touring Bikes,Bikes
970,"Touring-2000 Blue, 46",1,1,Blue,755.1508,1214.85,46,27.13,4,T ,M ,U ,3,35,2014-02-08 10:01:36.827000 UTC,Touring Bikes,Bikes
971,"Touring-2000 Blue, 50",1,1,Blue,755.1508,1214.85,50,27.42,4,T ,M ,U ,3,35,2014-02-08 10:01:36.827000 UTC,Touring Bikes,Bikes
972,"Touring-2000 Blue, 54",1,1,Blue,755.1508,1214.85,54,27.68,4,T ,M ,U ,3,35,2014-02-08 10:01:36.827000 UTC,Touring Bikes,Bikes
978,"Touring-3000 Blue, 44",1,1,Blue,461.4448,742.35,44,28.77,4,T ,L ,U ,3,36,2014-02-08 10:01:36.827000 UTC,Touring Bikes,Bikes
979,"Touring-3000 Blue, 50",1,1,Blue,461.4448,742.35,50,29.13,4,T ,L ,U ,3,36,2014-02-08 10:01:36.827000 UTC,Touring Bikes,Bikes
808,LL Mountain Handlebars,1,1,NULL,19.7758,44.54,NULL,NULL,1,M ,L ,NULL,4,52,2014-02-08 10:01:36.827000 UTC,Handlebars,Components
809,ML Mountain Handlebars,1,1,NULL,27.4925,61.92,NULL,NULL,1,M ,M ,NULL,4,54,2014-02-08 10:01:36.827000 UTC,Handlebars,Components
810,HL Mountain Handlebars,1,1,NULL,53.3999,120.27,NULL,NULL,1,M ,H ,NULL,4,55,2014-02-08 10:01:36.827000 UTC,Handlebars,Components
811,LL Road Handlebars,1,1,NULL,19.7758,44.54,NULL,NULL,1,R ,L ,NULL,4,56,2014-02-08 10:01:36.827000 UTC,Handlebars,Components
812,ML Road Handlebars,1,1,NULL,27.4925,61.92,NULL,NULL,1,R ,M ,NULL,4,57,2014-02-08 10:01:36.827000 UTC,Handlebars,Components
813,HL Road Handlebars,1,1,NULL,53.3999,120.27,NULL,NULL,1,R ,H ,NULL,4,58,2014-02-08 10:01:36.827000 UTC,Handlebars,Components
946,LL Touring Handlebars,1,1,NULL,20.464,46.09,NULL,NULL,1,T ,L ,NULL,4,47,2014-02-08 10:01:36.827000 UTC,Handlebars,Components
947,HL Touring Handlebars,1,1,NULL,40.6571,91.57,NULL,NULL,1,T ,H ,NULL,4,48,2014-02-08 10:01:36.827000 UTC,Handlebars,Components
994,LL Bottom Bracket,1,1,NULL,23.9716,53.99,NULL,223.00,1,NULL,L ,NULL,5,95,2014-02-08 10:01:36.827000 UTC,Bottom Brackets,Components
995,ML Bottom Bracket,1,1,NULL,44.9506,101.24,NULL,168.00,1,NULL,M ,NULL,5,96,2014-02-08 10:01:36.827000 UTC,Bottom Brackets,Components
996,HL Bottom Bracket,1,1,NULL,53.9416,121.49,NULL,170.00,1,NULL,H ,NULL,5,97,2014-02-08 10:01:36.827000 UTC,Bottom Brackets,Components
949,LL Crankset,1,1,Black,77.9176,175.49,NULL,600.00,1,NULL,L ,NULL,8,99,2014-02-08 10:01:36.827000 UTC,Cranksets,Components
950,ML Crankset,1,1,Black,113.8816,256.49,NULL,635.00,1,NULL,M ,NULL,8,100,2014-02-08 10:01:36.827000 UTC,Cranksets,Components
951,HL Crankset,1,1,Black,179.8156,404.99,NULL,575.00,1,NULL,H ,NULL,8,101,2014-02-08 10:01:36.827000 UTC,Cranksets,Components
894,Rear Derailleur,1,1,Silver,53.9282,121.46,NULL,215.00,1,NULL,NULL,NULL,9,127,2014-02-08 10:01:36.827000 UTC,Derailleurs,Components
945,Front Derailleur,1,1,Silver,40.6216,91.49,NULL,88.00,1,NULL,NULL,NULL,9,103,2014-02-08 10:01:36.827000 UTC,Derailleurs,Components
802,LL Fork,1,1,NULL,65.8097,148.22,NULL,NULL,1,NULL,L ,NULL,10,104,2014-02-08 10:01:36.827000 UTC,Forks,Components
803,ML Fork,1,1,NULL,77.9176,175.49,NULL,NULL,1,NULL,M ,NULL,10,105,2014-02-08 10:01:36.827000 UTC,Forks,Components
804,HL Fork,1,1,NULL,101.8936,229.49,NULL,NULL,1,NULL,H ,NULL,10,106,2014-02-08 10:01:36.827000 UTC,Forks,Components
805,LL Headset,1,1,NULL,15.1848,34.2,NULL,NULL,1,NULL,L ,NULL,11,59,2014-02-08 10:01:36.827000 UTC,Headsets,Components
806,ML Headset,1,1,NULL,45.4168,102.29,NULL,NULL,1,NULL,M ,NULL,11,60,2014-02-08 10:01:36.827000 UTC,Headsets,Components
807,HL Headset,1,1,NULL,55.3801,124.73,NULL,NULL,1,NULL,H ,NULL,11,61,2014-02-08 10:01:36.827000 UTC,Headsets,Components
739,"HL Mountain Frame - Silver, 42",1,1,Silver,747.2002,1364.5,42,2.72,1,M ,H ,U ,12,5,2014-02-08 10:01:36.827000 UTC,Mountain Frames,Components
740,"HL Mountain Frame - Silver, 44",1,1,Silver,706.811,1364.5,44,2.76,1,M ,H ,U ,12,5,2014-02-08 10:01:36.827000 UTC,Mountain Frames,Components
741,"HL Mountain Frame - Silver, 48",1,1,Silver,706.811,1364.5,48,2.80,1,M ,H ,U ,12,5,2014-02-08 10:01:36.827000 UTC,Mountain Frames,Components
742,"HL Mountain Frame - Silver, 46",1,1,Silver,747.2002,1364.5,46,2.84,1,M ,H ,U ,12,5,2014-02-08 10:01:36.827000 UTC,Mountain Frames,Components
743,"HL Mountain Frame - Black, 42",1,1,Black,739.041,1349.6,42,2.72,1,M ,H ,U ,12,5,2014-02-08 10:01:36.827000 UTC,Mountain Frames,Components
744,"HL Mountain Frame - Black, 44",1,1,Black,699.0928,1349.6,44,2.76,1,M ,H ,U ,12,5,2014-02-08 10:01:36.827000 UTC,Mountain Frames,Components
745,"HL Mountain Frame - Black, 48",1,1,Black,699.0928,1349.6,48,2.80,1,M ,H ,U ,12,5,2014-02-08 10:01:36.827000 UTC,Mountain Frames,Components
746,"HL Mountain Frame - Black, 46",1,1,Black,739.041,1349.6,46,2.84,1,M ,H ,U ,12,5,2014-02-08 10:01:36.827000 UTC,Mountain Frames,Components
747,"HL Mountain Frame - Black, 38",1,1,Black,739.041,1349.6,38,2.68,2,M ,H ,U ,12,5,2014-02-08 10:01:36.827000 UTC,Mountain Frames,Components
748,"HL Mountain Frame - Silver, 38",1,1,Silver,747.2002,1364.5,38,2.68,2,M ,H ,U ,12,5,2014-02-08 10:01:36.827000 UTC,Mountain Frames,Components
814,"ML Mountain Frame - Black, 38",1,1,Black,185.8193,348.76,38,2.73,2,M ,M ,U ,12,15,2014-02-08 10:01:36.827000 UTC,Mountain Frames,Components
830,"ML Mountain Frame - Black, 40",1,1,Black,185.8193,348.76,40,2.77,1,M ,M ,U ,12,14,2014-02-08 10:01:36.827000 UTC,Mountain Frames,Components
831,"ML Mountain Frame - Black, 44",1,1,Black,185.8193,348.76,44,2.81,1,M ,M ,U ,12,14,2014-02-08 10:01:36.827000 UTC,Mountain Frames,Components
832,"ML Mountain Frame - Black, 48",1,1,Black,185.8193,348.76,48,2.85,1,M ,M ,U ,12,14,2014-02-08 10:01:36.827000 UTC,Mountain Frames,Components
904,"ML Mountain Frame-W - Silver, 40",1,1,Silver,199.3757,364.09,40,2.77,1,M ,M ,W ,12,15,2014-02-08 10:01:36.827000 UTC,Mountain Frames,Components
905,"ML Mountain Frame-W - Silver, 42",1,1,Silver,199.3757,364.09,42,2.81,1,M ,M ,W ,12,15,2014-02-08 10:01:36.827000 UTC,Mountain Frames,Components
906,"ML Mountain Frame-W - Silver, 46",1,1,Silver,199.3757,364.09,46,2.85,1,M ,M ,W ,12,15,2014-02-08 10:01:36.827000 UTC,Mountain Frames,Components
917,"LL Mountain Frame - Silver, 42",1,1,Silver,144.5938,264.05,42,2.92,1,M ,L ,U ,12,8,2014-02-08 10:01:36.827000 UTC,Mountain Frames,Components
918,"LL Mountain Frame - Silver, 44",1,1,Silver,144.5938,264.05,44,2.96,1,M ,L ,U ,12,8,2014-02-08 10:01:36.827000 UTC,Mountain Frames,Components
919,"LL Mountain Frame - Silver, 48",1,1,Silver,144.5938,264.05,48,3.00,1,M ,L ,U ,12,8,2014-02-08 10:01:36.827000 UTC,Mountain Frames,Components
920,"LL Mountain Frame - Silver, 52",1,1,Silver,144.5938,264.05,52,3.04,1,M ,L ,U ,12,8,2014-02-08 10:01:36.827000 UTC,Mountain Frames,Components
924,"LL Mountain Frame - Black, 42",1,1,Black,136.785,249.79,42,2.92,1,M ,L ,U ,12,8,2014-02-08 10:01:36.827000 UTC,Mountain Frames,Components
925,"LL Mountain Frame - Black, 44",1,1,Black,136.785,249.79,44,2.96,1,M ,L ,U ,12,8,2014-02-08 10:01:36.827000 UTC,Mountain Frames,Components
926,"LL Mountain Frame - Black, 48",1,1,Black,136.785,249.79,48,3.00,1,M ,L ,U ,12,8,2014-02-08 10:01:36.827000 UTC,Mountain Frames,Components
927,"LL Mountain Frame - Black, 52",1,1,Black,136.785,249.79,52,3.04,1,M ,L ,U ,12,8,2014-02-08 10:01:36.827000 UTC,Mountain Frames,Components
942,"ML Mountain Frame-W - Silver, 38",1,1,Silver,199.3757,364.09,38,2.73,2,M ,M ,W ,12,15,2014-02-08 10:01:36.827000 UTC,Mountain Frames,Components
943,"LL Mountain Frame - Black, 40",1,1,Black,136.785,249.79,40,2.88,2,M ,L ,U ,12,8,2014-02-08 10:01:36.827000 UTC,Mountain Frames,Components
944,"LL Mountain Frame - Silver, 40",1,1,Silver,144.5938,264.05,40,2.88,2,M ,L ,U ,12,8,2014-02-08 10:01:36.827000 UTC,Mountain Frames,Components
680,"HL Road Frame - Black, 58",1,1,Black,1059.31,1431.5,58,2.24,1,R ,H ,U ,14,6,2014-02-08 10:01:36.827000 UTC,Road Frames,Components
706,"HL Road Frame - Red, 58",1,1,Red,1059.31,1431.5,58,2.24,1,R ,H ,U ,14,6,2014-02-08 10:01:36.827000 UTC,Road Frames,Components
717,"HL Road Frame - Red, 62",1,1,Red,868.6342,1431.5,62,2.30,1,R ,H ,U ,14,6,2014-02-08 10:01:36.827000 UTC,Road Frames,Components
718,"HL Road Frame - Red, 44",1,1,Red,868.6342,1431.5,44,2.12,1,R ,H ,U ,14,6,2014-02-08 10:01:36.827000 UTC,Road Frames,Components
719,"HL Road Frame - Red, 48",1,1,Red,868.6342,1431.5,48,2.16,1,R ,H ,U ,14,6,2014-02-08 10:01:36.827000 UTC,Road Frames,Components
720,"HL Road Frame - Red, 52",1,1,Red,868.6342,1431.5,52,2.20,1,R ,H ,U ,14,6,2014-02-08 10:01:36.827000 UTC,Road Frames,Components
721,"HL Road Frame - Red, 56",1,1,Red,868.6342,1431.5,56,2.24,1,R ,H ,U ,14,6,2014-02-08 10:01:36.827000 UTC,Road Frames,Components
722,"LL Road Frame - Black, 58",1,1,Black,204.6251,337.22,58,2.46,1,R ,L ,U ,14,9,2014-02-08 10:01:36.827000 UTC,Road Frames,Components
723,"LL Road Frame - Black, 60",1,1,Black,204.6251,337.22,60,2.48,1,R ,L ,U ,14,9,2014-02-08 10:01:36.827000 UTC,Road Frames,Components
724,"LL Road Frame - Black, 62",1,1,Black,204.6251,337.22,62,2.50,1,R ,L ,U ,14,9,2014-02-08 10:01:36.827000 UTC,Road Frames,Components
725,"LL Road Frame - Red, 44",1,1,Red,187.1571,337.22,44,2.32,1,R ,L ,U ,14,9,2014-02-08 10:01:36.827000 UTC,Road Frames,Components
726,"LL Road Frame - Red, 48",1,1,Red,187.1571,337.22,48,2.36,1,R ,L ,U ,14,9,2014-02-08 10:01:36.827000 UTC,Road Frames,Components
727,"LL Road Frame - Red, 52",1,1,Red,187.1571,337.22,52,2.40,1,R ,L ,U ,14,9,2014-02-08 10:01:36.827000 UTC,Road Frames,Components
728,"LL Road Frame - Red, 58",1,1,Red,187.1571,337.22,58,2.46,1,R ,L ,U ,14,9,2014-02-08 10:01:36.827000 UTC,Road Frames,Components
729,"LL Road Frame - Red, 60",1,1,Red,187.1571,337.22,60,2.48,1,R ,L ,U ,14,9,2014-02-08 10:01:36.827000 UTC,Road Frames,Components
730,"LL Road Frame - Red, 62",1,1,Red,187.1571,337.22,62,2.50,1,R ,L ,U ,14,9,2014-02-08 10:01:36.827000 UTC,Road Frames,Components
731,"ML Road Frame - Red, 44",1,1,Red,352.1394,594.83,44,2.22,1,R ,M ,U ,14,16,2014-02-08 10:01:36.827000 UTC,Road Frames,Components
732,"ML Road Frame - Red, 48",1,1,Red,352.1394,594.83,48,2.26,1,R ,M ,U ,14,16,2014-02-08 10:01:36.827000 UTC,Road Frames,Components
733,"ML Road Frame - Red, 52",1,1,Red,352.1394,594.83,52,2.30,1,R ,M ,U ,14,16,2014-02-08 10:01:36.827000 UTC,Road Frames,Components
734,"ML Road Frame - Red, 58",1,1,Red,352.1394,594.83,58,2.36,1,R ,M ,U ,14,16,2014-02-08 10:01:36.827000 UTC,Road Frames,Components
735,"ML Road Frame - Red, 60",1,1,Red,352.1394,594.83,60,2.38,1,R ,M ,U ,14,16,2014-02-08 10:01:36.827000 UTC,Road Frames,Components
736,"LL Road Frame - Black, 44",1,1,Black,204.6251,337.22,44,2.32,1,R ,L ,U ,14,9,2014-02-08 10:01:36.827000 UTC,Road Frames,Components
737,"LL Road Frame - Black, 48",1,1,Black,204.6251,337.22,48,2.36,1,R ,L ,U ,14,9,2014-02-08 10:01:36.827000 UTC,Road Frames,Components
738,"LL Road Frame - Black, 52",1,1,Black,204.6251,337.22,52,2.40,1,R ,L ,U ,14,9,2014-02-08 10:01:36.827000 UTC,Road Frames,Components
822,"ML Road Frame-W - Yellow, 38",1,1,Yellow,360.9428,594.83,38,2.18,2,R ,M ,W ,14,17,2014-02-08 10:01:36.827000 UTC,Road Frames,Components
833,"ML Road Frame-W - Yellow, 40",1,1,Yellow,360.9428,594.83,40,2.22,1,R ,M ,W ,14,17,2014-02-08 10:01:36.827000 UTC,Road Frames,Components
834,"ML Road Frame-W - Yellow, 42",1,1,Yellow,360.9428,594.83,42,2.26,1,R ,M ,W ,14,17,2014-02-08 10:01:36.827000 UTC,Road Frames,Components
835,"ML Road Frame-W - Yellow, 44",1,1,Yellow,360.9428,594.83,44,2.30,1,R ,M ,W ,14,17,2014-02-08 10:01:36.827000 UTC,Road Frames,Components
836,"ML Road Frame-W - Yellow, 48",1,1,Yellow,360.9428,594.83,48,2.34,1,R ,M ,W ,14,17,2014-02-08 10:01:36.827000 UTC,Road Frames,Components
837,"HL Road Frame - Black, 62",1,1,Black,868.6342,1431.5,62,2.30,1,R ,H ,U ,14,6,2014-02-08 10:01:36.827000 UTC,Road Frames,Components
838,"HL Road Frame - Black, 44",1,1,Black,868.6342,1431.5,44,2.12,1,R ,H ,U ,14,6,2014-02-08 10:01:36.827000 UTC,Road Frames,Components
839,"HL Road Frame - Black, 48",1,1,Black,868.6342,1431.5,48,2.16,1,R ,H ,U ,14,6,2014-02-08 10:01:36.827000 UTC,Road Frames,Components
840,"HL Road Frame - Black, 52",1,1,Black,868.6342,1431.5,52,2.20,1,R ,H ,U ,14,6,2014-02-08 10:01:36.827000 UTC,Road Frames,Components
885,"HL Touring Frame - Yellow, 60",1,1,Yellow,601.7437,1003.91,60,3.08,1,T ,H ,U ,16,7,2014-02-08 10:01:36.827000 UTC,Touring Frames,Components
886,"LL Touring Frame - Yellow, 62",1,1,Yellow,199.8519,333.42,62,3.20,1,T ,L ,U ,16,10,2014-02-08 10:01:36.827000 UTC,Touring Frames,Components
887,"HL Touring Frame - Yellow, 46",1,1,Yellow,601.7437,1003.91,46,2.96,1,T ,H ,U ,16,7,2014-02-08 10:01:36.827000 UTC,Touring Frames,Components
888,"HL Touring Frame - Yellow, 50",1,1,Yellow,601.7437,1003.91,50,3.00,1,T ,H ,U ,16,7,2014-02-08 10:01:36.827000 UTC,Touring Frames,Components
889,"HL Touring Frame - Yellow, 54",1,1,Yellow,601.7437,1003.91,54,3.04,1,T ,H ,U ,16,7,2014-02-08 10:01:36.827000 UTC,Touring Frames,Components
890,"HL Touring Frame - Blue, 46",1,1,Blue,601.7437,1003.91,46,2.96,1,T ,H ,U ,16,7,2014-02-08 10:01:36.827000 UTC,Touring Frames,Components
891,"HL Touring Frame - Blue, 50",1,1,Blue,601.7437,1003.91,50,3.00,1,T ,H ,U ,16,7,2014-02-08 10:01:36.827000 UTC,Touring Frames,Components
892,"HL Touring Frame - Blue, 54",1,1,Blue,601.7437,1003.91,54,3.04,1,T ,H ,U ,16,7,2014-02-08 10:01:36.827000 UTC,Touring Frames,Components
893,"HL Touring Frame - Blue, 60",1,1,Blue,601.7437,1003.91,60,3.08,1,T ,H ,U ,16,7,2014-02-08 10:01:36.827000 UTC,Touring Frames,Components
895,"LL Touring Frame - Blue, 50",1,1,Blue,199.8519,333.42,50,3.10,1,T ,L ,U ,16,10,2014-02-08 10:01:36.827000 UTC,Touring Frames,Components
896,"LL Touring Frame - Blue, 54",1,1,Blue,199.8519,333.42,54,3.14,1,T ,L ,U ,16,10,2014-02-08 10:01:36.827000 UTC,Touring Frames,Components
897,"LL Touring Frame - Blue, 58",1,1,Blue,199.8519,333.42,58,3.16,1,T ,L ,U ,16,10,2014-02-08 10:01:36.827000 UTC,Touring Frames,Components
898,"LL Touring Frame - Blue, 62",1,1,Blue,199.8519,333.42,62,3.20,1,T ,L ,U ,16,10,2014-02-08 10:01:36.827000 UTC,Touring Frames,Components
899,"LL Touring Frame - Yellow, 44",1,1,Yellow,199.8519,333.42,44,3.02,1,T ,L ,U ,16,10,2014-02-08 10:01:36.827000 UTC,Touring Frames,Components
900,"LL Touring Frame - Yellow, 50",1,1,Yellow,199.8519,333.42,50,3.10,1,T ,L ,U ,16,10,2014-02-08 10:01:36.827000 UTC,Touring Frames,Components
901,"LL Touring Frame - Yellow, 54",1,1,Yellow,199.8519,333.42,54,3.14,1,T ,L ,U ,16,10,2014-02-08 10:01:36.827000 UTC,Touring Frames,Components
902,"LL Touring Frame - Yellow, 58",1,1,Yellow,199.8519,333.42,58,3.16,1,T ,L ,U ,16,10,2014-02-08 10:01:36.827000 UTC,Touring Frames,Components
903,"LL Touring Frame - Blue, 44",1,1,Blue,199.8519,333.42,44,3.02,1,T ,L ,U ,16,10,2014-02-08 10:01:36.827000 UTC,Touring Frames,Components
815,LL Mountain Front Wheel,1,1,Black,26.9708,60.745,NULL,NULL,1,M ,L ,NULL,17,42,2014-02-08 10:01:36.827000 UTC,Wheels,Components
816,ML Mountain Front Wheel,1,1,Black,92.8071,209.025,NULL,NULL,1,M ,M ,NULL,17,45,2014-02-08 10:01:36.827000 UTC,Wheels,Components
817,HL Mountain Front Wheel,1,1,Black,133.2955,300.215,NULL,NULL,1,M ,H ,NULL,17,46,2014-02-08 10:01:36.827000 UTC,Wheels,Components
818,LL Road Front Wheel,1,1,Black,37.9909,85.565,NULL,900.00,1,R ,L ,NULL,17,49,2014-02-08 10:01:36.827000 UTC,Wheels,Components
819,ML Road Front Wheel,1,1,Black,110.2829,248.385,NULL,850.00,1,R ,M ,NULL,17,50,2014-02-08 10:01:36.827000 UTC,Wheels,Components
820,HL Road Front Wheel,1,1,Black,146.5466,330.06,NULL,650.00,1,R ,H ,NULL,17,51,2014-02-08 10:01:36.827000 UTC,Wheels,Components
821,Touring Front Wheel,1,1,Black,96.7964,218.01,NULL,NULL,1,T ,NULL,NULL,17,44,2014-02-08 10:01:36.827000 UTC,Wheels,Components
823,LL Mountain Rear Wheel,1,1,Black,38.9588,87.745,NULL,NULL,1,M ,L ,NULL,17,123,2014-02-08 10:01:36.827000 UTC,Wheels,Components
824,ML Mountain Rear Wheel,1,1,Black,104.7951,236.025,NULL,NULL,1,M ,M ,NULL,17,124,2014-02-08 10:01:36.827000 UTC,Wheels,Components
825,HL Mountain Rear Wheel,1,1,Black,145.2835,327.215,NULL,NULL,1,M ,H ,NULL,17,125,2014-02-08 10:01:36.827000 UTC,Wheels,Components
826,LL Road Rear Wheel,1,1,Black,49.9789,112.565,NULL,1050.00,1,R ,L ,NULL,17,126,2014-02-08 10:01:36.827000 UTC,Wheels,Components
827,ML Road Rear Wheel,1,1,Black,122.2709,275.385,NULL,1000.00,1,R ,M ,NULL,17,77,2014-02-08 10:01:36.827000 UTC,Wheels,Components
828,HL Road Rear Wheel,1,1,Black,158.5346,357.06,NULL,890.00,1,R ,H ,NULL,17,78,2014-02-08 10:01:36.827000 UTC,Wheels,Components
829,Touring Rear Wheel,1,1,Black,108.7844,245.01,NULL,NULL,1,T ,NULL,NULL,17,43,2014-02-08 10:01:36.827000 UTC,Wheels,Components